<?xml version="1.0" encoding="UTF-8"?>
<project-private xmlns="http://www.netbeans.org/ns/project-private/1">
    <editor-bookmarks xmlns="http://www.netbeans.org/ns/editor-bookmarks/2" lastBookmarkId="0"/>
    <open-files xmlns="http://www.netbeans.org/ns/projectui-open-files/2">
        <group>
            <file>file:/C:/Users/Usuario/Documents/NetBeansProjects/EjemploVehiculos/src/vehiculos/VehiculosTest.java</file>
            <file>file:/C:/Users/Usuario/Documents/NetBeansProjects/EjemploVehiculos/src/vehiculos/Carro.java</file>
            <file>file:/C:/Users/Usuario/Documents/NetBeansProjects/EjemploVehiculos/src/vehiculos/Vehiculos.java</file>
            <file>file:/C:/Users/Usuario/Documents/NetBeansProjects/EjemploVehiculos/src/vehiculos/Moto.java</file>
        </group>
    </open-files>
</project-private>
